"time","A"
0.0000000000000000,0.9500000000000000
